{
  "meta": {
    "version": "2.0.0",
    "schema_version": "1.0.0",
    "as_of": "2026-02-11T20:00:00Z",
    "data_sources": {
      "economy": "IMF World Economic Outlook (Oct 2025)",
      "society": "UN World Population Prospects 2024",
      "politics": "V-Dem Democracy Report 2024",
      "risk": "Fragile States Index (FSI) 2024, WGI 2024"
    },
    "last_changes": "Full integration of Parts 1-11 covering global sovereign states and key territories.",
    "stats": {
      "total_countries": 198,
      "regions_count": 8
    }
  },
  "regions": {
    "East Asia & Pacific": [
      { "master": { "iso3": "JPN", "name": "日本" }, "canonical": { "economy": { "gdp_nominal": { "value": 4279800000000 }, "gdp_growth": { "value": 0.6 } }, "society": { "population": { "value": 123200000 } }, "politics": { "regime_type": "Liberal Democracy" }, "risk": { "fsi_total": { "value": 15.1 } } }, "ui_view": { "headline": "日本は成熟した民主主義国であり、極めて高い高齢化率を抱える先進経済国です。", "tags": ["Super-Aging", "Tech Leader", "G7"], "scores": { "economy_score": 85, "stability_score": 98 } } },
      { "master": { "iso3": "CHN", "name": "中国" }, "canonical": { "economy": { "gdp_nominal": { "value": 19398000000000 }, "gdp_growth": { "value": 4.2 } }, "society": { "population": { "value": 1400000000 } }, "politics": { "regime_type": "Closed Autocracy" }, "risk": { "fsi_total": { "value": 63.5 } } }, "ui_view": { "headline": "中国は強権的な体制下で巨大な経済規模を維持していますが、成長鈍化と高齢化に直面しています。", "tags": ["Superpower", "Rapid Aging", "Authoritarian"], "scores": { "economy_score": 92, "stability_score": 55 } } },
      { "master": { "iso3": "AUS", "name": "オーストラリア" }, "canonical": { "economy": { "gdp_growth": { "value": 2.2 } }, "politics": { "regime_type": "Liberal Democracy" }, "risk": { "fsi_total": { "value": 18.5 } } }, "ui_view": { "headline": "オーストラリアは資源豊富な自由民主主義国であり、高い生活水準を有しています。", "tags": ["Resource Rich", "Stable Democracy", "G20"], "scores": { "economy_score": 88, "stability_score": 95 } } },
      { "master": { "iso3": "KOR", "name": "韓国" }, "canonical": { "economy": { "gdp_growth": { "value": 2.0 } }, "society": { "age_65_plus": { "value": 20.3 } }, "politics": { "regime_type": "Liberal Democracy" } }, "ui_view": { "headline": "韓国は高度な技術力を持つ民主主義国ですが、世界で最も急速な少子高齢化に直面しています。", "tags": ["Tech Leader", "Ultra-Low Fertility", "OECD"], "scores": { "economy_score": 82, "stability_score": 85 } } },
      { "master": { "iso3": "IDN", "name": "インドネシア" }, "canonical": { "economy": { "gdp_growth": { "value": 5.1 } }, "politics": { "regime_type": "Electoral Democracy" } }, "ui_view": { "headline": "インドネシアは巨大な人口と資源を持つ東南アジアのリーダーであり、堅調な成長を維持しています。", "tags": ["Emerging Market", "G20", "Resource Rich"], "scores": { "economy_score": 75, "stability_score": 60 } } },
      { "master": { "iso3": "VNM", "name": "ベトナム" }, "canonical": { "economy": { "gdp_growth": { "value": 6.0 } }, "politics": { "regime_type": "Closed Autocracy" } }, "ui_view": { "headline": "ベトナムは共産党一党支配の下、製造業のハブとして急速な経済発展を遂げています。", "tags": ["Manufacturing Hub", "High Growth", "Authoritarian"], "scores": { "economy_score": 78, "stability_score": 65 } } },
      { "master": { "iso3": "TWN", "name": "台湾" }, "canonical": { "economy": { "gdp_nominal": { "value": 850000000000 } }, "politics": { "regime_type": "Liberal Democracy" } }, "ui_view": { "headline": "台湾は世界最先端の半導体産業を擁する民主主義地域ですが、地政学的な緊張が続いています。", "tags": ["Semiconductors", "High Tech", "Geopolitical Hotspot"], "scores": { "economy_score": 88, "stability_score": 70 } } },
      { "master": { "iso3": "THA", "name": "タイ" }, "canonical": { "economy": { "gdp_growth": { "value": 3.2 } }, "politics": { "regime_type": "Electoral Autocracy" } }, "ui_view": { "headline": "タイは観光と自動車産業が盛んですが、新興国としては異例の速さで高齢化が進行しています。", "tags": ["Tourism Hub", "Aging Society", "Political Instability"], "scores": { "economy_score": 65, "stability_score": 55 } } },
      { "master": { "iso3": "MYS", "name": "マレーシア" }, "canonical": { "economy": { "gdp_growth": { "value": 4.5 } }, "politics": { "regime_type": "Electoral Democracy" } }, "ui_view": { "headline": "マレーシアは多民族国家であり、電子機器輸出と資源産業のバランスが取れた上位中所得国です。", "tags": ["Tech Manufacturing", "Muslim Majority", "Upper Middle Income"], "scores": { "economy_score": 72, "stability_score": 68 } } },
      { "master": { "iso3": "PHL", "name": "フィリピン" }, "canonical": { "economy": { "gdp_growth": { "value": 6.0 } }, "politics": { "regime_type": "Electoral Democracy" } }, "ui_view": { "headline": "フィリピンは英語力のある若年労働力を背景に、BPO産業や海外送金に支えられ高い成長を続けています。", "tags": ["High Growth", "BPO Hub", "Young Population"], "scores": { "economy_score": 68, "stability_score": 58 } } },
      { "master": { "iso3": "SGP", "name": "シンガポール" }, "canonical": { "economy": { "gdp_nominal": { "value": 525000000000 } }, "politics": { "regime_type": "Electoral Autocracy" }, "risk": { "fsi_total": { "value": 24.5 } } }, "ui_view": { "headline": "シンガポールは世界有数の金融・物流ハブであり、効率的な統治システムと極めて高い所得を誇ります。", "tags": ["Global Hub", "City State", "High Income"], "scores": { "economy_score": 98, "stability_score": 95 } } },
      { "master": { "iso3": "NZL", "name": "ニュージーランド" }, "canonical": { "economy": { "gdp_growth": { "value": 2.1 } }, "politics": { "regime_type": "Liberal Democracy" }, "risk": { "fsi_total": { "value": 15.6 } } }, "ui_view": { "headline": "ニュージーランドは農業輸出に強みを持つ安定した民主主義国であり、高い生活の質と環境意識が特徴です。", "tags": ["Agri-Export", "Green Economy", "Stable Democracy"], "scores": { "economy_score": 80, "stability_score": 97 } } },
      { "master": { "iso3": "MMR", "name": "ミャンマー" }, "canonical": { "economy": { "gdp_growth": { "value": 1.5 } }, "risk": { "fsi_total": { "value": 100.0 } } }, "ui_view": { "headline": "ミャンマーは軍事政権下にあり、深刻な内戦と人道危機により経済活動が停滞しています。", "tags": ["Conflict Zone", "Military Junta", "Sanctions"], "scores": { "economy_score": 25, "stability_score": 10 } } },
      { "master": { "iso3": "KHM", "name": "カンボジア" }, "canonical": { "economy": { "gdp_growth": { "value": 6.0 } }, "politics": { "regime_type": "Electoral Autocracy" } }, "ui_view": { "headline": "カンボジアは縫製業と観光業に支えられ高い成長率を維持していますが、政治的な権威主義傾向が強まっています。", "tags": ["High Growth", "Garment Industry", "China Ally"], "scores": { "economy_score": 60, "stability_score": 45 } } },
      { "master": { "iso3": "PNG", "name": "パプアニューギニア" }, "canonical": { "economy": { "gdp_growth": { "value": 3.5 } }, "risk": { "fsi_total": { "value": 82.0 } } }, "ui_view": { "headline": "パプアニューギニアはオセアニア最大の島嶼国であり、資源を持ちますが治安と部族間対立が課題です。", "tags": ["Resource Rich", "Tribal Conflict", "Pacific"], "scores": { "economy_score": 50, "stability_score": 35 } } },
      { "master": { "iso3": "MNG", "name": "モンゴル" }, "canonical": { "economy": { "gdp_growth": { "value": 5.5 } }, "politics": { "regime_type": "Electoral Democracy" } }, "ui_view": { "headline": "モンゴルは中露に挟まれた内陸民主主義国であり、鉱物資源輸出により成長していますが経済多様化が課題です。", "tags": ["Resource Dependent", "Landlocked", "Democracy"], "scores": { "economy_score": 60, "stability_score": 65 } } },
      { "master": { "iso3": "LAO", "name": "ラオス" }, "canonical": { "economy": { "gdp_growth": { "value": 3.5 } }, "risk": { "fsi_total": { "value": 85.0 } } }, "ui_view": { "headline": "ラオスは水力発電開発を進めていますが、過剰債務と通貨安に苦しんでいます。", "tags": ["Debt Distress", "Hydropower", "Landlocked"], "scores": { "economy_score": 35, "stability_score": 45 } } },
      { "master": { "iso3": "PRK", "name": "北朝鮮" }, "canonical": { "economy": { "gdp_growth": { "value": 0.5 } }, "politics": { "regime_type": "Closed Autocracy" }, "risk": { "fsi_total": { "value": 90.5 } } }, "ui_view": { "headline": "北朝鮮は極端な孤立主義と核開発を続ける独裁国家であり、慢性的な食糧不足と制裁下にあります。", "tags": ["Hermit Kingdom", "Nuclear Threat", "Sanctions"], "scores": { "economy_score": 10, "stability_score": 30 } } },
      { "master": { "iso3": "BRN", "name": "ブルネイ" }, "canonical": { "economy": { "gdp_growth": { "value": 2.4 } }, "politics": { "regime_type": "Closed Autocracy" } }, "ui_view": { "headline": "ブルネイは石油と天然ガスに恵まれた絶対君主制国家であり、国民は手厚い福祉を受けています。", "tags": ["Oil Wealth", "Monarchy", "High Income"], "scores": { "economy_score": 80, "stability_score": 85 } } },
      { "master": { "iso3": "TLS", "name": "東ティモール" }, "canonical": { "economy": { "gdp_growth": { "value": 3.0 } }, "politics": { "regime_type": "Electoral Democracy" } }, "ui_view": { "headline": "東ティモールは石油基金を原資に国づくりを進めていますが、産業の多角化が急務です。", "tags": ["Oil Dependent", "Young Democracy", "Island"], "scores": { "economy_score": 40, "stability_score": 60 } } },
      { "master": { "iso3": "FJI", "name": "フィジー" }, "canonical": { "economy": { "gdp_growth": { "value": 3.0 } } }, "ui_view": { "headline": "フィジーは南太平洋のハブ国家であり、観光業が主要産業ですが気候変動の脅威に直面しています。", "tags": ["Pacific Hub", "Tourism", "Climate Risk"], "scores": { "economy_score": 45, "stability_score": 55 } } },
      { "master": { "iso3": "SLB", "name": "ソロモン諸島" }, "canonical": { "risk": { "fsi_total": { "value": 78.0 } } }, "ui_view": { "headline": "ソロモン諸島は米中の地政学的競争の最前線に位置しており、インフラ開発が焦点となっています。", "tags": ["Geopolitical Hotspot", "Pacific", "Aid Dependent"], "scores": { "economy_score": 35, "stability_score": 45 } } },
      { "master": { "iso3": "VUT", "name": "バヌアツ" }, "canonical": { "risk": { "fsi_total": { "value": 72.0 } } }, "ui_view": { "headline": "バヌアツは世界で最も自然災害リスクが高い国の一つであり、気候変動対策を強く訴えています。", "tags": ["Disaster Risk", "Climate Vulnerable", "Tourism"], "scores": { "economy_score": 40, "stability_score": 50 } } },
      { "master": { "iso3": "WSM", "name": "サモア" }, "canonical": { "economy": { "gdp_growth": { "value": 3.2 } } }, "ui_view": { "headline": "サモアはポリネシアの文化的中心地であり、政治的に安定した農業・観光国家です。", "tags": ["Stable", "Polynesian", "Tourism"], "scores": { "economy_score": 50, "stability_score": 75 } } },
      { "master": { "iso3": "KIR", "name": "キリバス" }, "canonical": { "risk": { "fsi_total": { "value": 75.0 } } }, "ui_view": { "headline": "キリバスは広大な排他的経済水域を持つ海洋国家ですが、気候変動による水没の危機に瀕しています。", "tags": ["Climate Existential Risk", "Ocean State", "Fisheries"], "scores": { "economy_score": 40, "stability_score": 50 } } },
      { "master": { "iso3": "MHL", "name": "マーシャル諸島" }, "canonical": {}, "ui_view": { "headline": "マーシャル諸島は米国との自由連合関係にあり、船舶登録制度で世界有数の規模を持ちます。", "tags": ["US Compact", "Shipping Hub", "Pacific"], "scores": { "economy_score": 50, "stability_score": 60 } } },
      { "master": { "iso3": "FSM", "name": "ミクロネシア連邦" }, "canonical": {}, "ui_view": { "headline": "ミクロネシア連邦は多数の島々からなる連邦国家であり、漁業権収入と海外援助に依存しています。", "tags": ["US Compact", "Fisheries", "Archipelago"], "scores": { "economy_score": 45, "stability_score": 60 } } },
      { "master": { "iso3": "NRU", "name": "ナウル" }, "canonical": {}, "ui_view": { "headline": "ナウルは世界最小の共和国であり、リン鉱石枯渇後は難民収容センター運営などで収入を得ています。", "tags": ["Microstate", "Resource Depleted", "Dependency"], "scores": { "economy_score": 35, "stability_score": 50 } } },
      { "master": { "iso3": "PLW", "name": "パラオ" }, "canonical": {}, "ui_view": { "headline": "パラオは世界遺産のロックアイランドを持つ観光立国であり、環境保護に極めて厳格です。", "tags": ["Eco-Tourism", "US Compact", "Conservation"], "scores": { "economy_score": 60, "stability_score": 70 } } },
      { "master": { "iso3": "TON", "name": "トンガ" }, "canonical": {}, "ui_view": { "headline": "トンガはポリネシア唯一の王国であり、自然災害からの復興と海外送金への依存が課題です。", "tags": ["Kingdom", "Remittance", "Disaster Recovery"], "scores": { "economy_score": 45, "stability_score": 60 } } },
      { "master": { "iso3": "TUV", "name": "ツバル" }, "canonical": {}, "ui_view": { "headline": "ツバルは世界で最も海抜が低い国の一つであり、デジタル国家への移行を模索しています。", "tags": ["Climate Risk Critical", "Digital Nation", "Microstate"], "scores": { "economy_score": 30, "stability_score": 55 } } }
    ],
    "North America": [
      { "master": { "iso3": "USA", "name": "アメリカ合衆国" }, "canonical": { "economy": { "gdp_nominal": { "value": 30615000000000 }, "gdp_growth": { "value": 2.1 } }, "politics": { "regime_type": "Liberal Democracy" }, "risk": { "fsi_total": { "value": 44.5 } } }, "ui_view": { "headline": "アメリカは世界最大の経済規模を誇る自由民主主義国であり、高い技術革新力を持ちます。", "tags": ["Superpower", "Tech Innovation", "G7"], "scores": { "economy_score": 98, "stability_score": 88 } } },
      { "master": { "iso3": "CAN", "name": "カナダ" }, "canonical": { "economy": { "gdp_growth": { "value": 1.6 } }, "politics": { "regime_type": "Liberal Democracy" }, "risk": { "fsi_total": { "value": 17.2 } } }, "ui_view": { "headline": "カナダは資源と移民政策に支えられた安定した自由民主主義国であり、多文化共生社会を形成しています。", "tags": ["Resource Rich", "G7", "Stable Democracy"], "scores": { "economy_score": 85, "stability_score": 96 } } },
      { "master": { "iso3": "MEX", "name": "メキシコ" }, "canonical": { "economy": { "gdp_growth": { "value": 2.0 } }, "politics": { "regime_type": "Electoral Democracy" }, "risk": { "fsi_total": { "value": 69.8 } } }, "ui_view": { "headline": "メキシコは北米への製造拠点として注目されていますが、治安リスクが課題です。", "tags": ["Manufacturing Hub", "G20", "Security Risk"], "scores": { "economy_score": 68, "stability_score": 50 } } }
    ],
    "Europe": [
      { "master": { "iso3": "DEU", "name": "ドイツ" }, "canonical": { "economy": { "gdp_nominal": { "value": 5013000000000 } }, "society": { "age_65_plus": { "value": 22.8 } }, "politics": { "regime_type": "Liberal Democracy" } }, "ui_view": { "headline": "ドイツは欧州最大の経済を誇る自由民主主義国ですが、高齢化と産業構造の転換期にあります。", "tags": ["EU Leader", "Manufacturing", "G7"], "scores": { "economy_score": 88, "stability_score": 96 } } },
      { "master": { "iso3": "GBR", "name": "イギリス" }, "canonical": { "economy": { "gdp_growth": { "value": 1.3 } }, "politics": { "regime_type": "Liberal Democracy" } }, "ui_view": { "headline": "イギリスは高度にサービス化した経済を持つ自由民主主義国であり、金融サービスが強みです。", "tags": ["Financial Hub", "G7", "Service Economy"], "scores": { "economy_score": 84, "stability_score": 92 } } },
      { "master": { "iso3": "FRA", "name": "フランス" }, "canonical": { "economy": { "gdp_nominal": { "value": 3200000000000 } }, "politics": { "regime_type": "Liberal Democracy" } }, "ui_view": { "headline": "フランスはEUの政治的リーダーであり、強力な外交力と多角化した経済基盤を持ちます。", "tags": ["EU Leader", "Nuclear Power", "G7"], "scores": { "economy_score": 86, "stability_score": 88 } } },
      { "master": { "iso3": "ITA", "name": "イタリア" }, "canonical": { "economy": { "gdp_growth": { "value": 0.7 } }, "society": { "age_65_plus": { "value": 24.5 } } }, "ui_view": { "headline": "イタリアは文化遺産とブランド力を持つ先進国ですが、低い経済成長と深刻な高齢化に直面しています。", "tags": ["Cultural Power", "Aging Society", "G7"], "scores": { "economy_score": 70, "stability_score": 80 } } },
      { "master": { "iso3": "RUS", "name": "ロシア" }, "canonical": { "economy": { "gdp_growth": { "value": 1.1 } }, "politics": { "regime_type": "Electoral Autocracy" }, "risk": { "fsi_total": { "value": 78.5 } } }, "ui_view": { "headline": "ロシアは資源大国ですが、権威主義的体制と地政学的紛争により高いリスクを抱えています。", "tags": ["Energy Exporter", "Conflict Zone", "Sanctions"], "scores": { "economy_score": 60, "stability_score": 40 } } },
      { "master": { "iso3": "ESP", "name": "スペイン" }, "canonical": { "economy": { "gdp_growth": { "value": 1.9 } }, "politics": { "regime_type": "Liberal Democracy" } }, "ui_view": { "headline": "スペインは観光大国であり再生可能エネルギー分野で先行していますが、若年失業率が課題です。", "tags": ["Tourism Power", "Green Energy", "EU Member"], "scores": { "economy_score": 75, "stability_score": 85 } } },
      { "master": { "iso3": "NLD", "name": "オランダ" }, "canonical": { "economy": { "gdp_nominal": { "value": 1150000000000 } }, "politics": { "regime_type": "Liberal Democracy" } }, "ui_view": { "headline": "オランダは欧州の物流ハブであり、高度な農業技術と開放的な経済を持つ先進国です。", "tags": ["Logistics Hub", "Agri-Tech", "EU Member"], "scores": { "economy_score": 90, "stability_score": 94 } } },
      { "master": { "iso3": "POL", "name": "ポーランド" }, "canonical": { "economy": { "gdp_growth": { "value": 3.0 } }, "politics": { "regime_type": "Electoral Democracy" } }, "ui_view": { "headline": "ポーランドは中東欧の経済エンジンであり、安全保障上の重要性が増しているNATOの最前線国家です。", "tags": ["Eastern Flank", "Manufacturing", "Rising Power"], "scores": { "economy_score": 70, "stability_score": 75 } } },
      { "master": { "iso3": "CHE", "name": "スイス" }, "canonical": { "economy": { "gdp_nominal": { "value": 920000000000 } }, "politics": { "regime_type": "Liberal Democracy" } }, "ui_view": { "headline": "スイスは永世中立国であり、金融・製薬分野で世界最高水準の競争力と生活水準を誇ります。", "tags": ["Financial Hub", "Neutrality", "High Income"], "scores": { "economy_score": 95, "stability_score": 99 } } },
      { "master": { "iso3": "SWE", "name": "スウェーデン" }, "canonical": { "economy": { "gdp_growth": { "value": 2.3 } }, "politics": { "regime_type": "Liberal Democracy" } }, "ui_view": { "headline": "スウェーデンは革新的な産業と高福祉を両立する民主主義国であり、NATO加盟により安全保障を強化しました。", "tags": ["Innovation Leader", "Welfare State", "NATO"], "scores": { "economy_score": 88, "stability_score": 92 } } },
      { "master": { "iso3": "NOR", "name": "ノルウェー" }, "canonical": { "economy": { "gdp_nominal": { "value": 560000000000 } } }, "ui_view": { "headline": "ノルウェーは豊富な石油・ガス資源を背景に世界最大の政府系ファンドを持つ、極めて豊かな福祉国家です。", "tags": ["Energy Rich", "Sovereign Wealth", "High Income"], "scores": { "economy_score": 96, "stability_score": 99 } } },
      { "master": { "iso3": "UKR", "name": "ウクライナ" }, "canonical": { "economy": { "gdp_growth": { "value": 3.5 } }, "risk": { "fsi_total": { "value": 94.5 } } }, "ui_view": { "headline": "ウクライナは大規模な武力紛争の当事国であり、極めて高い地政学的リスクと人道危機の中にあります。", "tags": ["Conflict Zone", "High Risk", "Aid Dependent"], "scores": { "economy_score": 30, "stability_score": 15 } } },
      { "master": { "iso3": "ROU", "name": "ルーマニア" }, "canonical": { "economy": { "gdp_growth": { "value": 3.2 } }, "politics": { "regime_type": "Electoral Democracy" } }, "ui_view": { "headline": "ルーマニアはEU加盟国として急速に経済水準を向上させており、IT産業と製造業が成長を牽引しています。", "tags": ["Emerging Europe", "IT Hub", "NATO"], "scores": { "economy_score": 68, "stability_score": 70 } } },
      { "master": { "iso3": "HUN", "name": "ハンガリー" }, "canonical": { "economy": { "gdp_growth": { "value": 2.8 } }, "politics": { "regime_type": "Electoral Autocracy" } }, "ui_view": { "headline": "ハンガリーは中欧の製造拠点ですが、EUとの政治的摩擦がリスク要因です。", "tags": ["Manufacturing", "EU Skeptic", "Illiberal"], "scores": { "economy_score": 65, "stability_score": 60 } } },
      { "master": { "iso3": "SRB", "name": "セルビア" }, "canonical": { "economy": { "gdp_growth": { "value": 3.5 } }, "politics": { "regime_type": "Electoral Autocracy" } }, "ui_view": { "headline": "セルビアは西バルカンの中心ですが、コソボ問題などの地政学的緊張とEU加盟プロセスの遅れに直面しています。", "tags": ["Balkan Hub", "Geopolitical Pivot", "EU Candidate"], "scores": { "economy_score": 55, "stability_score": 50 } } },
      { "master": { "iso3": "IRL", "name": "アイルランド" }, "canonical": { "economy": { "gdp_growth": { "value": 3.5 } }, "politics": { "regime_type": "Liberal Democracy" } }, "ui_view": { "headline": "アイルランドは多国籍テック企業の欧州拠点であり、極めて高い一人当たりGDPを記録しています。", "tags": ["Tech Hub", "Tax Haven", "High Income"], "scores": { "economy_score": 92, "stability_score": 90 } } },
      { "master": { "iso3": "PRT", "name": "ポルトガル" }, "canonical": { "economy": { "gdp_growth": { "value": 1.8 } }, "politics": { "regime_type": "Liberal Democracy" } }, "ui_view": { "headline": "ポルトガルは観光とデジタルノマド誘致に成功していますが、高齢化と住宅価格高騰が課題です。", "tags": ["Tourism", "Digital Nomad Hub", "EU Member"], "scores": { "economy_score": 70, "stability_score": 85 } } },
      { "master": { "iso3": "BEL", "name": "ベルギー" }, "canonical": { "economy": { "gdp_nominal": { "value": 620000000000 } }, "politics": { "regime_type": "Liberal Democracy" } }, "ui_view": { "headline": "ベルギーはEUとNATOの本部を擁する欧州の心臓部であり、高度な化学産業と物流網を持っています。", "tags": ["EU Capital", "Logistics Hub", "High Income"], "scores": { "economy_score": 82, "stability_score": 78 } } },
      { "master": { "iso3": "EST", "name": "エストニア" }, "canonical": { "economy": { "gdp_growth": { "value": 2.8 } }, "politics": { "regime_type": "Liberal Democracy" } }, "ui_view": { "headline": "エストニアは世界最先端の電子政府システムを持つデジタル国家であり、高い教育水準を誇ります。", "tags": ["Digital Society", "Tech Hub", "Baltic"], "scores": { "economy_score": 85, "stability_score": 90 } } },
      { "master": { "iso3": "LTU", "name": "リトアニア" }, "canonical": { "economy": { "gdp_growth": { "value": 2.5 } } }, "ui_view": { "headline": "リトアニアはバルト三国最大の経済を持ち、フィンテック産業の育成と対ロシア強硬姿勢で存在感を示しています。", "tags": ["Fintech Hub", "NATO", "Baltic"], "scores": { "economy_score": 80, "stability_score": 85 } } },
      { "master": { "iso3": "BLR", "name": "ベラルーシ" }, "canonical": { "economy": { "gdp_growth": { "value": 1.5 } }, "politics": { "regime_type": "Closed Autocracy" }, "risk": { "fsi_total": { "value": 82.5 } } }, "ui_view": { "headline": "ベラルーシはロシアへの政治的・経済的従属を強めており、欧州最後の独裁国家と呼ばれます。", "tags": ["Russian Ally", "Sanctions", "Authoritarian"], "scores": { "economy_score": 40, "stability_score": 50 } } },
      { "master": { "iso3": "BIH", "name": "ボスニア・ヘルツェゴビナ" }, "canonical": { "risk": { "fsi_total": { "value": 75.0 } } }, "ui_view": { "headline": "ボスニア・ヘルツェゴビナは複雑な民族構成による政治的分断が続いており、改革は停滞気味です。", "tags": ["Ethnic Division", "Post-Conflict", "Balkan"], "scores": { "economy_score": 45, "stability_score": 40 } } },
      { "master": { "iso3": "MDA", "name": "モルドバ" }, "canonical": { "economy": { "gdp_growth": { "value": 3.5 } } }, "ui_view": { "headline": "モルドバはEU加盟に向けた親欧米路線を推進し、農業とIT産業の近代化を図っています。", "tags": ["EU Candidate", "Wine Exporter", "Balkan"], "scores": { "economy_score": 45, "stability_score": 50 } } },
      { "master": { "iso3": "ISL", "name": "アイスランド" }, "canonical": { "economy": { "gdp_growth": { "value": 2.4 } } }, "ui_view": { "headline": "アイスランドは再生可能エネルギー率100%を誇る平和な民主主義国であり、観光と漁業が柱です。", "tags": ["Green Energy", "Peaceful", "High Income"], "scores": { "economy_score": 85, "stability_score": 98 } } },
      { "master": { "iso3": "LUX", "name": "ルクセンブルク" }, "canonical": { "economy": { "gdp_nominal_per_capita": { "value": 135000 } } }, "ui_view": { "headline": "ルクセンブルクは世界最高水準の一人当たりGDPを持つ金融センターであり、EUの重要な機関が集積しています。", "tags": ["Financial Hub", "Wealthiest", "EU Core"], "scores": { "economy_score": 99, "stability_score": 95 } } },
      { "master": { "iso3": "CYP", "name": "キプロス" }, "canonical": { "economy": { "gdp_growth": { "value": 2.8 } } }, "ui_view": { "headline": "キプロスは地中海の金融・観光拠点ですが、島内の分断が未解決のままです。", "tags": ["Mediterranean Hub", "Divided Island", "EU Member"], "scores": { "economy_score": 70, "stability_score": 65 } } },
      { "master": { "iso3": "MLT", "name": "マルタ" }, "canonical": { "economy": { "gdp_growth": { "value": 3.5 } } }, "ui_view": { "headline": "マルタは地中海の要衝に位置する島国であり、オンラインゲーム産業や金融サービスが盛んです。", "tags": ["Gaming Hub", "EU Member", "Small State"], "scores": { "economy_score": 75, "stability_score": 80 } } },
      { "master": { "iso3": "ALB", "name": "アルバニア" }, "canonical": { "economy": { "gdp_growth": { "value": 3.3 } } }, "ui_view": { "headline": "アルバニアは観光業の急成長とEU加盟プロセスにより経済近代化を進めています。", "tags": ["Tourism Growth", "EU Candidate", "Balkan"], "scores": { "economy_score": 60, "stability_score": 65 } } },
      { "master": { "iso3": "MKD", "name": "北マケドニア" }, "canonical": { "economy": { "gdp_growth": { "value": 2.8 } } }, "ui_view": { "headline": "北マケドニアは多民族国家としての調和を保ちつつ、西バルカンの物流・エネルギーハブを目指しています。", "tags": ["NATO", "Landlocked", "Multi-ethnic"], "scores": { "economy_score": 55, "stability_score": 60 } } },
      { "master": { "iso3": "MNE", "name": "モンテネグロ" }, "canonical": { "economy": { "gdp_growth": { "value": 3.5 } } }, "ui_view": { "headline": "モンテネグロはアドリア海の観光資源を活用し、EU加盟の最有力候補として改革を進めています。", "tags": ["Tourism", "EU Frontrunner", "Small State"], "scores": { "economy_score": 62, "stability_score": 65 } } },
      { "master": { "iso3": "XKX", "name": "コソボ" }, "canonical": { "economy": { "gdp_growth": { "value": 3.8 } } }, "ui_view": { "headline": "コソボは欧州で最も若い人口を持つ国の一つですが、セルビアとの関係正常化が鍵となっています。", "tags": ["Young Population", "Status Dispute", "Balkan"], "scores": { "economy_score": 50, "stability_score": 55 } } },
      { "master": { "iso3": "AND", "name": "アンドラ" }, "canonical": { "economy": { "gdp_growth": { "value": 1.5 } } }, "ui_view": { "headline": "アンドラはピレネー山脈の観光と免税ショッピングで繁栄する、平均寿命世界トップクラスの小国です。", "tags": ["Tourism", "High Life Expectancy", "Microstate"], "scores": { "economy_score": 85, "stability_score": 95 } } },
      { "master": { "iso3": "LIE", "name": "リヒテンシュタイン" }, "canonical": { "economy": { "gdp_nominal_per_capita": { "value": 175000 } } }, "ui_view": { "headline": "リヒテンシュタインは高度に工業化された金融国家であり、世界最高水準の所得を誇ります。", "tags": ["Financial Hub", "Industrialized", "Wealthiest"], "scores": { "economy_score": 98, "stability_score": 98 } } },
      { "master": { "iso3": "MCO", "name": "モナコ" }, "canonical": { "economy": { "gdp_nominal_per_capita": { "value": 230000 } } }, "ui_view": { "headline": "モナコは世界中の富裕層が集まる超高級リゾート都市国家であり、不動産価格は世界一です。", "tags": ["Luxury Hub", "City State", "Tax Haven"], "scores": { "economy_score": 95, "stability_score": 90 } } },
      { "master": { "iso3": "SMR", "name": "サンマリノ" }, "canonical": {}, "ui_view": { "headline": "サンマリノは現存する世界最古の共和国であり、観光と切手発行収入で知られる内陸の小国です。", "tags": ["Oldest Republic", "Enclave", "Tourism"], "scores": { "economy_score": 75, "stability_score": 90 } } }
    ],
    "Central Asia": [
      { "master": { "iso3": "KAZ", "name": "カザフスタン" }, "canonical": { "economy": { "gdp_growth": { "value": 4.5 } }, "politics": { "regime_type": "Electoral Autocracy" }, "risk": { "fsi_total": { "value": 55.0 } } }, "ui_view": { "headline": "カザフスタンは中央アジア最大の経済大国であり、エネルギー資源とウランの主要供給国です。", "tags": ["Resource Rich", "Strategic Location", "Uranium"], "scores": { "economy_score": 65, "stability_score": 58 } } },
      { "master": { "iso3": "UZB", "name": "ウズベキスタン" }, "canonical": { "economy": { "gdp_growth": { "value": 5.5 } }, "politics": { "regime_type": "Closed Autocracy" } }, "ui_view": { "headline": "ウズベキスタンは経済開放政策を進める人口最大の地域国家であり、中央アジアの成長エンジンとして注目されています。", "tags": ["Emerging Market", "Opening Economy", "High Growth"], "scores": { "economy_score": 55, "stability_score": 50 } } },
      { "master": { "iso3": "KGZ", "name": "キルギス" }, "canonical": { "economy": { "gdp_growth": { "value": 4.0 } }, "risk": { "fsi_total": { "value": 74.0 } } }, "ui_view": { "headline": "キルギスは山岳国であり金鉱山と中国との貿易に依存していますが、政治的な不安定さが繰り返されています。", "tags": ["Gold Mining", "Political Instability", "Mountainous"], "scores": { "economy_score": 40, "stability_score": 40 } } },
      { "master": { "iso3": "TJK", "name": "タジキスタン" }, "canonical": { "economy": { "gdp_growth": { "value": 6.5 } }, "politics": { "regime_type": "Closed Autocracy" }, "risk": { "fsi_total": { "value": 78.0 } } }, "ui_view": { "headline": "タジキスタンは豊富な水資源とアルミニウム生産を持ちますが、ロシアからの送金に依存しています。", "tags": ["Remittance", "Water Power", "Authoritarian"], "scores": { "economy_score": 35, "stability_score": 45 } } },
      { "master": { "iso3": "TKM", "name": "トルクメニスタン" }, "canonical": { "economy": { "gdp_growth": { "value": 5.8 } }, "politics": { "regime_type": "Closed Autocracy" } }, "ui_view": { "headline": "トルクメニスタンは豊富な天然ガス資源を持つ閉鎖的な独裁国家であり、情報統制が厳格です。", "tags": ["Gas Giant", "Isolationist", "Authoritarian"], "scores": { "economy_score": 60, "stability_score": 55 } } }
    ],
    "South Asia": [
      { "master": { "iso3": "IND", "name": "インド" }, "canonical": { "economy": { "gdp_nominal": { "value": 4125000000000 }, "gdp_growth": { "value": 6.5 } }, "politics": { "regime_type": "Electoral Autocracy" }, "risk": { "fsi_total": { "value": 73.2 } } }, "ui_view": { "headline": "インドは世界最速クラスで成長する巨大経済国であり、若年人口が豊富な選挙主導の権威主義国です。", "tags": ["High Growth", "Youthful Population", "Tech Hub"], "scores": { "economy_score": 82, "stability_score": 65 } } },
      { "master": { "iso3": "PAK", "name": "パキスタン" }, "canonical": { "economy": { "gdp_growth": { "value": 2.0 } }, "politics": { "regime_type": "Electoral Autocracy" }, "risk": { "fsi_total": { "value": 104.5 } } }, "ui_view": { "headline": "パキスタンは巨大な人口を抱えていますが、深刻な経済危機と政治的混乱により高い脆弱性を示しています。", "tags": ["Debt Crisis", "Security Risk", "High Fragility"], "scores": { "economy_score": 30, "stability_score": 20 } } },
      { "master": { "iso3": "BGD", "name": "バングラデシュ" }, "canonical": { "economy": { "gdp_growth": { "value": 5.7 } }, "politics": { "regime_type": "Electoral Autocracy" }, "risk": { "fsi_total": { "value": 85.0 } } }, "ui_view": { "headline": "バングラデシュは衣料品輸出産業を中心に急成長してきましたが、政治的変動と気候変動リスクに直面しています。", "tags": ["Textile Hub", "Climate Risk", "High Growth"], "scores": { "economy_score": 60, "stability_score": 40 } } },
      { "master": { "iso3": "LKA", "name": "スリランカ" }, "canonical": { "economy": { "gdp_growth": { "value": 2.5 } }, "risk": { "fsi_total": { "value": 88.0 } } }, "ui_view": { "headline": "スリランカは深刻な経済危機から回復しつつありますが、依然として高い債務水準と脆弱性を抱えています。", "tags": ["Debt Crisis Recovery", "Tourism", "Strategic Island"], "scores": { "economy_score": 40, "stability_score": 45 } } },
      { "master": { "iso3": "NPL", "name": "ネパール" }, "canonical": { "economy": { "gdp_growth": { "value": 4.5 } } }, "ui_view": { "headline": "ネパールは観光と水力発電のポテンシャルを持ちますが、海外出稼ぎからの送金に経済が依存しています。", "tags": ["Remittance", "Tourism", "Landlocked"], "scores": { "economy_score": 35, "stability_score": 40 } } },
      { "master": { "iso3": "AFG", "name": "アフガニスタン" }, "canonical": { "economy": { "gdp_growth": { "value": 0.0 } }, "politics": { "regime_type": "Closed Autocracy" }, "risk": { "fsi_total": { "value": 106.0 } } }, "ui_view": { "headline": "アフガニスタンはタリバン暫定政権下で孤立しており、女性の権利制限と極度の貧困が深刻化しています。", "tags": ["Theocracy", "Human Rights Crisis", "Isolation"], "scores": { "economy_score": 10, "stability_score": 15 } } },
      { "master": { "iso3": "BTN", "name": "ブータン" }, "canonical": { "economy": { "gdp_growth": { "value": 4.5 } } }, "ui_view": { "headline": "ブータンは国民総幸福量（GNH）を掲げるカーボンネガティブ国家であり、水力発電と観光が産業です。", "tags": ["GNH", "Carbon Negative", "Himalayan"], "scores": { "economy_score": 50, "stability_score": 85 } } },
      { "master": { "iso3": "MDV", "name": "モルディブ" }, "canonical": { "economy": { "gdp_growth": { "value": 5.2 } } }, "ui_view": { "headline": "モルディブは高級リゾート地ですが、海面上昇による存亡の危機と対外債務の増加に直面しています。", "tags": ["Luxury Tourism", "Climate Existential Risk", "Debt Risk"], "scores": { "economy_score": 60, "stability_score": 55 } } }
    ],
    "Middle East & North Africa": [
      { "master": { "iso3": "SAU", "name": "サウジアラビア" }, "canonical": { "economy": { "gdp_growth": { "value": 4.1 } }, "politics": { "regime_type": "Closed Autocracy" }, "risk": { "fsi_total": { "value": 67.8 } } }, "ui_view": { "headline": "サウジアラビアは強力な王制下にあるエネルギー大国であり、経済の多角化を推進しています。", "tags": ["Energy Exporter", "Vision 2030", "G20"], "scores": { "economy_score": 80, "stability_score": 68 } } },
      { "master": { "iso3": "TUR", "name": "トルコ" }, "canonical": { "economy": { "gdp_growth": { "value": 3.0 }, "inflation": { "value": 45.0 } }, "politics": { "regime_type": "Electoral Autocracy" }, "risk": { "fsi_total": { "value": 78.5 } } }, "ui_view": { "headline": "トルコは東西の結節点に位置する地域大国ですが、高いインフレと権威主義的な政治傾向が見られます。", "tags": ["Geopolitical Hub", "High Inflation", "NATO"], "scores": { "economy_score": 60, "stability_score": 50 } } },
      { "master": { "iso3": "IRN", "name": "イラン" }, "canonical": { "economy": { "gdp_growth": { "value": 2.5 } }, "politics": { "regime_type": "Closed Autocracy" }, "risk": { "fsi_total": { "value": 85.0 } } }, "ui_view": { "headline": "イランは厳格な宗教的統治下にあり、制裁と国内の不満により高いリスクを抱えています。", "tags": ["Sanctions", "Theocracy", "Energy Exporter"], "scores": { "economy_score": 40, "stability_score": 35 } } },
      { "master": { "iso3": "ISR", "name": "イスラエル" }, "canonical": { "economy": { "gdp_growth": { "value": 1.5 } }, "politics": { "regime_type": "Liberal Democracy" }, "risk": { "fsi_total": { "value": 60.5 } } }, "ui_view": { "headline": "イスラエルは高度な技術経済を持つ民主主義国ですが、紛争により安全保障リスクが高まっています。", "tags": ["Tech Hub", "Conflict Risk", "Advanced Economy"], "scores": { "economy_score": 85, "stability_score": 60 } } },
      { "master": { "iso3": "EGY", "name": "エジプト" }, "canonical": { "economy": { "gdp_growth": { "value": 4.1 } }, "politics": { "regime_type": "Electoral Autocracy" }, "risk": { "fsi_total": { "value": 88.2 } } }, "ui_view": { "headline": "エジプトは人口1億人を超える地域大国ですが、債務問題と政治的抑圧がリスク要因となっています。", "tags": ["Strategic Location", "Debt Risk", "Authoritarian"], "scores": { "economy_score": 50, "stability_score": 45 } } },
      { "master": { "iso3": "ARE", "name": "アラブ首長国連邦" }, "canonical": { "economy": { "gdp_growth": { "value": 4.0 } }, "politics": { "regime_type": "Closed Autocracy" } }, "ui_view": { "headline": "UAEは金融・観光・物流のハブとして経済多角化に成功しており、地域で最も安定した環境を提供しています。", "tags": ["Business Hub", "Diversified Economy", "Authoritarian"], "scores": { "economy_score": 85, "stability_score": 80 } } },
      { "master": { "iso3": "IRQ", "name": "イラク" }, "canonical": { "economy": { "gdp_growth": { "value": 3.0 } }, "risk": { "fsi_total": { "value": 92.5 } } }, "ui_view": { "headline": "イラクは豊富な石油を持ちますが、政治的宗派対立とインフラ不足により復興が遅れています。", "tags": ["Oil Dependent", "Post-Conflict", "High Risk"], "scores": { "economy_score": 45, "stability_score": 30 } } },
      { "master": { "iso3": "MAR", "name": "モロッコ" }, "canonical": { "economy": { "gdp_growth": { "value": 3.5 } }, "politics": { "regime_type": "Closed Autocracy" } }, "ui_view": { "headline": "モロッコは欧州へのゲートウェイとして自動車産業や再生可能エネルギー開発を推進しています。", "tags": ["Green Energy", "Manufacturing", "Stable Autocracy"], "scores": { "economy_score": 65, "stability_score": 65 } } },
      { "master": { "iso3": "DZA", "name": "アルジェリア" }, "canonical": { "economy": { "gdp_growth": { "value": 3.0 } }, "risk": { "fsi_total": { "value": 75.0 } } }, "ui_view": { "headline": "アルジェリアは欧州向けの主要なガス供給国ですが、経済の多角化遅れと若年層の不満が課題です。", "tags": ["Gas Exporter", "State Dominated", "Youth Unemployment"], "scores": { "economy_score": 55, "stability_score": 50 } } },
      { "master": { "iso3": "QAT", "name": "カタール" }, "canonical": { "economy": { "gdp_growth": { "value": 2.5 } }, "politics": { "regime_type": "Closed Autocracy" } }, "ui_view": { "headline": "カタールは世界有数のLNG輸出国であり、豊富な資金力を背景に独自の外交を展開しています。", "tags": ["LNG Superpower", "High Income", "Diplomatic"], "scores": { "economy_score": 90, "stability_score": 75 } } },
      { "master": { "iso3": "JOR", "name": "ヨルダン" }, "canonical": { "economy": { "gdp_growth": { "value": 2.2 } }, "risk": { "fsi_total": { "value": 76.5 } } }, "ui_view": { "headline": "ヨルダンは中東の緩衝国家として安定に寄与していますが、難民受け入れと水不足が重荷となっています。", "tags": ["Strategic Buffer", "Water Scarcity", "Refugee Host"], "scores": { "economy_score": 45, "stability_score": 55 } } },
      { "master": { "iso3": "AZE", "name": "アゼルバイジャン" }, "canonical": { "economy": { "gdp_growth": { "value": 3.0 } }, "politics": { "regime_type": "Closed Autocracy" } }, "ui_view": { "headline": "アゼルバイジャンは豊富な石油・ガス資源を持つ権威主義国家であり、地域への影響力を拡大しています。", "tags": ["Energy Exporter", "Caucasus Power", "Authoritarian"], "scores": { "economy_score": 65, "stability_score": 60 } } },
      { "master": { "iso3": "ARM", "name": "アルメニア" }, "canonical": { "economy": { "gdp_growth": { "value": 5.5 } }, "politics": { "regime_type": "Electoral Democracy" } }, "ui_view": { "headline": "アルメニアは地政学的な困難の中にありながら、IT産業の育成と民主化改革を進め高成長を維持しています。", "tags": ["Tech Growth", "Geopolitical Risk", "Landlocked"], "scores": { "economy_score": 60, "stability_score": 55 } } },
      { "master": { "iso3": "GEO", "name": "ジョージア" }, "canonical": { "economy": { "gdp_growth": { "value": 5.0 } }, "politics": { "regime_type": "Electoral Autocracy" } }, "ui_view": { "headline": "ジョージアは欧州とアジアの交易路ですが、国内の政治的分断とロシアとの緊張関係がリスク要因です。", "tags": ["Transit Hub", "EU Candidate", "Political Polarization"], "scores": { "economy_score": 58, "stability_score": 50 } } },
      { "master": { "iso3": "LBN", "name": "レバノン" }, "canonical": { "economy": { "gdp_growth": { "value": 0.5 } }, "risk": { "fsi_total": { "value": 94.0 } } }, "ui_view": { "headline": "レバノンは経済破綻と政治麻痺により極度の貧困化が進んでおり、かつての金融ハブの面影を失いました。", "tags": ["Economic Collapse", "Hyperinflation", "Failed State"], "scores": { "economy_score": 15, "stability_score": 20 } } },
      { "master": { "iso3": "KWT", "name": "クウェート" }, "canonical": { "economy": { "gdp_growth": { "value": 2.8 } }, "politics": { "regime_type": "Closed Autocracy" } }, "ui_view": { "headline": "クウェートは石油埋蔵量を誇る富裕国ですが、議会と政府の対立により経済改革が遅れています。", "tags": ["Oil Wealth", "Political Gridlock", "High Income"], "scores": { "economy_score": 85, "stability_score": 75 } } },
      { "master": { "iso3": "OMN", "name": "オマーン" }, "canonical": { "economy": { "gdp_growth": { "value": 2.5 } }, "politics": { "regime_type": "Closed Autocracy" } }, "ui_view": { "headline": "オマーンは中東の調停役として知られる安定した君主国であり、観光と物流への産業多角化を進めています。", "tags": ["Diplomatic Mediator", "Diversification", "Stable"], "scores": { "economy_score": 70, "stability_score": 80 } } },
      { "master": { "iso3": "YEM", "name": "イエメン" }, "canonical": { "economy": { "gdp_growth": { "value": -2.0 } }, "risk": { "fsi_total": { "value": 110.5 } } }, "ui_view": { "headline": "イエメンは長引く内戦により国家が分断され、深刻な飢餓とインフラ崩壊による人道危機が続いています。", "tags": ["Civil War", "Famine Risk", "Failed State"], "scores": { "economy_score": 5, "stability_score": 5 } } },
      { "master": { "iso3": "SYR", "name": "シリア" }, "canonical": { "economy": { "gdp_growth": { "value": -1.0 } }, "risk": { "fsi_total": { "value": 107.0 } } }, "ui_view": { "headline": "シリアは内戦で国土が荒廃しており、独裁政権下で国際的な孤立と経済制裁が続いています。", "tags": ["Civil War", "Sanctions", "Refugee Crisis"], "scores": { "economy_score": 10, "stability_score": 10 } } },
      { "master": { "iso3": "BHR", "name": "バーレーン" }, "canonical": { "economy": { "gdp_growth": { "value": 3.0 } } }, "ui_view": { "headline": "バーレーンは湾岸諸国で最初に石油を採掘した国ですが、現在は金融業と観光業が中心の経済です。", "tags": ["Financial Hub", "Oil Legacy", "Small Island"], "scores": { "economy_score": 75, "stability_score": 60 } } },
      { "master": { "iso3": "PSE", "name": "パレスチナ" }, "canonical": { "economy": { "gdp_growth": { "value": -5.0 } }, "risk": { "fsi_total": { "value": 105.0 } } }, "ui_view": { "headline": "パレスチナは政治的分断と占領下にあり、紛争により経済と社会インフラが壊滅的な打撃を受けています。", "tags": ["Occupied Territory", "Conflict Zone", "Humanitarian Crisis"], "scores": { "economy_score": 10, "stability_score": 5 } } }
    ],
    "Sub-Saharan Africa": [
      { "master": { "iso3": "NGA", "name": "ナイジェリア" }, "canonical": { "economy": { "gdp_growth": { "value": 4.2 } }, "politics": { "regime_type": "Electoral Democracy" }, "risk": { "fsi_total": { "value": 98.0 } } }, "ui_view": { "headline": "ナイジェリアはアフリカ最大の経済国ですが、高い脆弱性リスクとインフレを抱えています。", "tags": ["Youthful Population", "Energy Exporter", "High Fragility"], "scores": { "economy_score": 45, "stability_score": 30 } } },
      { "master": { "iso3": "ZAF", "name": "南アフリカ" }, "canonical": { "economy": { "gdp_growth": { "value": 1.2 } }, "politics": { "regime_type": "Electoral Democracy" }, "risk": { "fsi_total": { "value": 72.0 } } }, "ui_view": { "headline": "南アフリカはアフリカで最も工業化された国ですが、高い失業率と電力不足が成長を阻害しています。", "tags": ["Resource Rich", "High Inequality", "G20"], "scores": { "economy_score": 55, "stability_score": 55 } } },
      { "master": { "iso3": "ETH", "name": "エチオピア" }, "canonical": { "economy": { "gdp_growth": { "value": 6.2 } }, "politics": { "regime_type": "Electoral Autocracy" }, "risk": { "fsi_total": { "value": 100.4 } } }, "ui_view": { "headline": "エチオピアは急速な経済成長を続けていますが、国内紛争と債務問題により極めて脆弱な状態にあります。", "tags": ["High Growth", "Internal Conflict", "High Fragility"], "scores": { "economy_score": 60, "stability_score": 25 } } },
      { "master": { "iso3": "KEN", "name": "ケニア" }, "canonical": { "economy": { "gdp_growth": { "value": 5.2 } }, "politics": { "regime_type": "Electoral Democracy" }, "risk": { "fsi_total": { "value": 87.0 } } }, "ui_view": { "headline": "ケニアは東アフリカの経済・技術ハブですが、債務負担と気候変動による干ばつが課題です。", "tags": ["Tech Hub", "East Africa Leader", "Climate Vulnerable"], "scores": { "economy_score": 55, "stability_score": 50 } } },
      { "master": { "iso3": "COD", "name": "コンゴ民主共和国" }, "canonical": { "economy": { "gdp_growth": { "value": 6.8 } }, "risk": { "fsi_total": { "value": 106.5 } } }, "ui_view": { "headline": "DRコンゴは世界最大級の鉱物資源を有しますが、紛争とガバナンス欠如により極度の脆弱性が続いています。", "tags": ["Resource Curse", "Critical Minerals", "Conflict Zone"], "scores": { "economy_score": 40, "stability_score": 10 } } },
      { "master": { "iso3": "GHA", "name": "ガーナ" }, "canonical": { "economy": { "gdp_growth": { "value": 3.8 } }, "politics": { "regime_type": "Electoral Democracy" }, "risk": { "fsi_total": { "value": 62.5 } } }, "ui_view": { "headline": "ガーナは西アフリカの民主主義優等生と見なされていますが、近年は債務再編とインフレ対応に追われています。", "tags": ["Gold & Cocoa", "Debt Crisis", "Stable Democracy"], "scores": { "economy_score": 48, "stability_score": 65 } } },
      { "master": { "iso3": "TZA", "name": "タンザニア" }, "canonical": { "economy": { "gdp_growth": { "value": 6.0 } } }, "ui_view": { "headline": "タンザニアは急速な人口増加とインフラ開発により、東アフリカで最も高い成長率を維持しています。", "tags": ["High Growth", "Tourism", "Emerging Market"], "scores": { "economy_score": 58, "stability_score": 55 } } },
      { "master": { "iso3": "AGO", "name": "アンゴラ" }, "canonical": { "economy": { "gdp_growth": { "value": 2.9 } }, "risk": { "fsi_total": { "value": 85.0 } } }, "ui_view": { "headline": "アンゴラはアフリカ有数の産油国ですが、石油価格への依存度が高く経済改革が急務です。", "tags": ["Oil Dependent", "Economic Reform", "Inequality"], "scores": { "economy_score": 50, "stability_score": 40 } } },
      { "master": { "iso3": "CIV", "name": "コートジボワール" }, "canonical": { "economy": { "gdp_growth": { "value": 6.5 } }, "politics": { "regime_type": "Electoral Autocracy" } }, "ui_view": { "headline": "コートジボワールは世界最大のカカオ生産国であり、インフラ投資により高い成長率を維持しています。", "tags": ["Cocoa Giant", "High Growth", "West Africa Hub"], "scores": { "economy_score": 62, "stability_score": 48 } } },
      { "master": { "iso3": "SDN", "name": "スーダン" }, "canonical": { "economy": { "gdp_growth": { "value": -4.0 } }, "risk": { "fsi_total": { "value": 109.5 } } }, "ui_view": { "headline": "スーダンは激しい内戦により国家機能が麻痺しており、世界最大級の人道危機に直面しています。", "tags": ["Civil War", "Humanitarian Crisis", "Failed State"], "scores": { "economy_score": 10, "stability_score": 5 } } },
      { "master": { "iso3": "MLI", "name": "マリ" }, "canonical": { "economy": { "gdp_growth": { "value": 3.5 } }, "risk": { "fsi_total": { "value": 102.0 } } }, "ui_view": { "headline": "マリはサヘル地域の治安悪化とクーデターによる政情不安が続いており、金鉱山への依存度が高い経済です。", "tags": ["Sahel Instability", "Gold Exporter", "Military Junta"], "scores": { "economy_score": 35, "stability_score": 15 } } },
      { "master": { "iso3": "BFA", "name": "ブルキナファソ" }, "canonical": { "risk": { "fsi_total": { "value": 99.0 } } }, "ui_view": { "headline": "ブルキナファソはテロリズムの脅威と政治的混乱の中にあり、世界で最も脆弱な国家の一つです。", "tags": ["Security Crisis", "Sahel", "High Fragility"], "scores": { "economy_score": 30, "stability_score": 10 } } },
      { "master": { "iso3": "ZMB", "name": "ザンビア" }, "canonical": { "economy": { "gdp_growth": { "value": 4.2 } } }, "ui_view": { "headline": "ザンビアはアフリカ第2位の銅生産国ですが、多額の対外債務と気候変動による電力不足が課題です。", "tags": ["Copper Belt", "Debt Restructuring", "Landlocked"], "scores": { "economy_score": 55, "stability_score": 60 } } },
      { "master": { "iso3": "ZWE", "name": "ジンバブエ" }, "canonical": { "economy": { "gdp_growth": { "value": 3.0 } }, "risk": { "fsi_total": { "value": 98.5 } } }, "ui_view": { "headline": "ジンバブエは豊富な鉱物資源を持ちますが、慢性的なハイパーインフレと通貨危機に苦しんでいます。", "tags": ["Hyperinflation", "Resource Rich", "Currency Crisis"], "scores": { "economy_score": 25, "stability_score": 30 } } },
      { "master": { "iso3": "UGA", "name": "ウガンダ" }, "canonical": { "economy": { "gdp_growth": { "value": 6.0 } } }, "ui_view": { "headline": "ウガンダは石油開発による経済ブームが期待されていますが、長期政権による統制と人権問題が懸念されています。", "tags": ["Emerging Oil", "Authoritarian", "High Growth"], "scores": { "economy_score": 58, "stability_score": 45 } } },
      { "master": { "iso3": "CMR", "name": "カメルーン" }, "canonical": { "economy": { "gdp_growth": { "value": 4.0 } }, "risk": { "fsi_total": { "value": 95.0 } } }, "ui_view": { "headline": "カメルーンは中部アフリカの経済ハブですが、英語圏地域の分離独立紛争が長引いています。", "tags": ["Central Africa Hub", "Internal Conflict", "Oil Producer"], "scores": { "economy_score": 52, "stability_score": 35 } } },
      { "master": { "iso3": "NER", "name": "ニジェール" }, "canonical": { "economy": { "gdp_growth": { "value": 9.5 } }, "risk": { "fsi_total": { "value": 95.5 } } }, "ui_view": { "headline": "ニジェールは軍事政権下にありますが、石油パイプライン稼働により世界屈指の成長率を記録しています。", "tags": ["Uranium", "Military Junta", "High Growth"], "scores": { "economy_score": 65, "stability_score": 20 } } },
      { "master": { "iso3": "TCD", "name": "チャド" }, "canonical": { "economy": { "gdp_growth": { "value": 3.0 } }, "risk": { "fsi_total": { "value": 103.0 } } }, "ui_view": { "headline": "チャドはサヘル地域の軍事的要衝ですが、気候変動への脆弱性と政情不安が慢性化しています。", "tags": ["Landlocked", "Climate Vulnerable", "Military Rule"], "scores": { "economy_score": 30, "stability_score": 15 } } },
      { "master": { "iso3": "GIN", "name": "ギニア" }, "canonical": { "economy": { "gdp_growth": { "value": 4.5 } }, "risk": { "fsi_total": { "value": 98.0 } } }, "ui_view": { "headline": "ギニアは世界最大のボーキサイト埋蔵量を持ちますが、政治的移行期にあり産業育成が課題です。", "tags": ["Bauxite Giant", "Transitional Gov", "Resource Rich"], "scores": { "economy_score": 50, "stability_score": 30 } } },
      { "master": { "iso3": "GAB", "name": "ガボン" }, "canonical": { "economy": { "gdp_nominal_per_capita": { "value": 9000 } } }, "ui_view": { "headline": "ガボンは豊富な石油とマンガン資源によりアフリカ有数の所得水準を持ちますが、富の偏在が課題です。", "tags": ["Oil Dependent", "High Income (Africa)", "Forest Conservation"], "scores": { "economy_score": 60, "stability_score": 45 } } },
      { "master": { "iso3": "COG", "name": "コンゴ共和国" }, "canonical": { "economy": { "gdp_growth": { "value": 3.5 } } }, "ui_view": { "headline": "コンゴ共和国は石油依存経済からの脱却を目指していますが、長期政権による統治と高い債務が続いています。", "tags": ["Oil Exporter", "Debt Distress", "Authoritarian"], "scores": { "economy_score": 40, "stability_score": 40 } } },
      { "master": { "iso3": "MDG", "name": "マダガスカル" }, "canonical": { "economy": { "gdp_growth": { "value": 4.5 } }, "risk": { "fsi_total": { "value": 80.5 } } }, "ui_view": { "headline": "マダガスカルは固有の生態系を持つ島国ですが、サイクロン被害と貧困により開発が遅れています。", "tags": ["Biodiversity", "Climate Vulnerable", "Vanilla"], "scores": { "economy_score": 35, "stability_score": 45 } } },
      { "master": { "iso3": "BWA", "name": "ボツワナ" }, "canonical": { "economy": { "gdp_growth": { "value": 4.0 } }, "risk": { "fsi_total": { "value": 48.0 } } }, "ui_view": { "headline": "ボツワナはダイヤモンド資源を適切に管理し、アフリカで最も安定した民主主義と経済成長を実現したモデル国家です。", "tags": ["Diamond Wealth", "Stable Democracy", "Upper Middle Income"], "scores": { "economy_score": 70, "stability_score": 85 } } },
      { "master": { "iso3": "NAM", "name": "ナミビア" }, "canonical": { "economy": { "gdp_growth": { "value": 3.5 } } }, "ui_view": { "headline": "ナミビアは広大な砂漠と豊富な鉱物資源を持ち、近年はグリーン水素のハブとして注目されています。", "tags": ["Green Hydrogen", "Resource Rich", "Stable"], "scores": { "economy_score": 60, "stability_score": 75 } } },
      { "master": { "iso3": "MUS", "name": "モーリシャス" }, "canonical": { "economy": { "gdp_growth": { "value": 4.8 } }, "risk": { "fsi_total": { "value": 40.0 } } }, "ui_view": { "headline": "モーリシャスはアフリカ屈指の金融センターであり、多様な文化と強力な民主制度を持つ高所得国です。", "tags": ["Financial Hub", "High Income (Africa)", "Tourism"], "scores": { "economy_score": 75, "stability_score": 88 } } },
      { "master": { "iso3": "RWA", "name": "ルワンダ" }, "canonical": { "economy": { "gdp_growth": { "value": 7.0 } }, "risk": { "fsi_total": { "value": 82.0 } } }, "ui_view": { "headline": "ルワンダは「アフリカのシンガポール」を目指し、強力な統制の下でIT振興と環境保護を推進しています。", "tags": ["Tech Ambition", "Cleanest City", "Authoritarian"], "scores": { "economy_score": 55, "stability_score": 60 } } },
      { "master": { "iso3": "SEN", "name": "セネガル" }, "canonical": { "economy": { "gdp_growth": { "value": 8.0 } } }, "ui_view": { "headline": "セネガルは西アフリカで最も安定した民主主義国の一つであり、石油・ガス生産の開始により高度成長が予測されます。", "tags": ["Emerging Oil", "Stable Democracy", "High Growth"], "scores": { "economy_score": 60, "stability_score": 65 } } },
      { "master": { "iso3": "ERI", "name": "エリトリア" }, "canonical": { "economy": { "gdp_growth": { "value": 2.5 } }, "risk": { "fsi_total": { "value": 96.0 } } }, "ui_view": { "headline": "エリトリアは「アフリカの北朝鮮」とも呼ばれる強権的な軍事国家であり、若者の無期限徴兵が続いています。", "tags": ["Isolationist", "Military State", "Refugee Source"], "scores": { "economy_score": 20, "stability_score": 25 } } },
      { "master": { "iso3": "DJI", "name": "ジブチ" }, "canonical": { "economy": { "gdp_growth": { "value": 5.0 } } }, "ui_view": { "headline": "ジブチは紅海の入口という地政学的要衝に位置し、各国の軍事基地が集中しています。", "tags": ["Military Base Hub", "Strategic Port", "Geopolitical Pivot"], "scores": { "economy_score": 60, "stability_score": 55 } } },
      { "master": { "iso3": "CPV", "name": "カーボベルデ" }, "canonical": { "economy": { "gdp_growth": { "value": 4.5 } }, "risk": { "fsi_total": { "value": 55.0 } } }, "ui_view": { "headline": "カーボベルデはアフリカで最も安定した民主主義国の一つであり、観光と再生可能エネルギーに注力しています。", "tags": ["Stable Democracy", "Island State", "Tourism"], "scores": { "economy_score": 55, "stability_score": 80 } } },
      { "master": { "iso3": "SSD", "name": "南スーダン" }, "canonical": { "economy": { "gdp_growth": { "value": -2.5 } }, "risk": { "fsi_total": { "value": 108.5 } } }, "ui_view": { "headline": "南スーダンは世界で最も新しい独立国ですが、内戦と石油依存により極めて脆弱な状態が続いています。", "tags": ["Oil Dependent", "High Fragility", "Famine Risk"], "scores": { "economy_score": 20, "stability_score": 10 } } },
      { "master": { "iso3": "MOZ", "name": "モザンビーク" }, "canonical": { "economy": { "gdp_growth": { "value": 5.0 } }, "risk": { "fsi_total": { "value": 94.0 } } }, "ui_view": { "headline": "モザンビークは巨大な天然ガス埋蔵量を持ちますが、北部の武装勢力による治安悪化が開発を阻害しています。", "tags": ["LNG Potential", "Insurgency", "Disaster Risk"], "scores": { "economy_score": 45, "stability_score": 35 } } },
      { "master": { "iso3": "CAF", "name": "中央アフリカ共和国" }, "canonical": { "risk": { "fsi_total": { "value": 106.0 } } }, "ui_view": { "headline": "中央アフリカは豊富な鉱物資源を持ちながら、慢性的な紛争により世界最貧国の一つとなっています。", "tags": ["Resource Curse", "Conflict Zone", "Poverty"], "scores": { "economy_score": 15, "stability_score": 15 } } },
      { "master": { "iso3": "SYC", "name": "セーシェル" }, "canonical": { "economy": { "gdp_growth": { "value": 3.8 } } }, "ui_view": { "headline": "セーシェルはアフリカで最も高い人間開発指数を持つ高所得国であり、ブルーエコノミーを推進しています。", "tags": ["Blue Economy", "High Income (Africa)", "Tourism"], "scores": { "economy_score": 75, "stability_score": 85 } } },
      { "master": { "iso3": "GNQ", "name": "赤道ギニア" }, "canonical": { "economy": { "gdp_growth": { "value": -1.0 } } }, "ui_view": { "headline": "赤道ギニアは石油資源により高い一人当たりGDPを持ちますが、富の偏在が極端で人権状況に課題があります。", "tags": ["Oil Wealth", "Inequality", "Authoritarian"], "scores": { "economy_score": 50, "stability_score": 30 } } },
      { "master": { "iso3": "LBR", "name": "リベリア" }, "canonical": { "economy": { "gdp_growth": { "value": 4.8 } } }, "ui_view": { "headline": "リベリアはアフリカ最古の共和国であり、内戦からの復興を経て資源開発と農業に注力しています。", "tags": ["Post-Conflict", "Iron Ore", "Historic Republic"], "scores": { "economy_score": 40, "stability_score": 50 } } },
      { "master": { "iso3": "SLE", "name": "シエラレオネ" }, "canonical": { "economy": { "gdp_growth": { "value": 3.5 } } }, "ui_view": { "headline": "シエラレオネはダイヤモンドなどの鉱物資源が豊富ですが、インフレと若年失業率が課題です。", "tags": ["Mining", "Youth Unemployment", "Recovery"], "scores": { "economy_score": 35, "stability_score": 45 } } },
      { "master": { "iso3": "BEN", "name": "ベナン" }, "canonical": { "economy": { "gdp_growth": { "value": 6.0 } } }, "ui_view": { "headline": "ベナンは港湾機能を活かした物流と農業（綿花）により、西アフリカで高い成長率を維持しています。", "tags": ["Cotton", "Logistics Hub", "Stable Growth"], "scores": { "economy_score": 60, "stability_score": 60 } } },
      { "master": { "iso3": "TGO", "name": "トーゴ" }, "canonical": { "economy": { "gdp_growth": { "value": 5.5 } } }, "ui_view": { "headline": "トーゴはロメ港を中心とした地域の物流・金融ハブを目指し、積極的なインフラ投資を行っています。", "tags": ["Port Hub", "Banking", "Development"], "scores": { "economy_score": 55, "stability_score": 55 } } },
      { "master": { "iso3": "GMB", "name": "ガンビア" }, "canonical": { "economy": { "gdp_growth": { "value": 5.0 } } }, "ui_view": { "headline": "ガンビアはアフリカ本土最小の国であり、観光と農業に依存していますが、民主化プロセスが進展しています。", "tags": ["Tourism", "Small State", "Democratization"], "scores": { "economy_score": 45, "stability_score": 55 } } },
      { "master": { "iso3": "GNB", "name": "ギニアビサウ" }, "canonical": { "risk": { "fsi_total": { "value": 92.0 } } }, "ui_view": { "headline": "ギニアビサウはカシューナッツ生産に依存する脆弱な経済であり、政治的な不安定さが問題です。", "tags": ["Cashew", "Political Instability", "Fragile"], "scores": { "economy_score": 30, "stability_score": 25 } } },
      { "master": { "iso3": "MWI", "name": "マラウイ" }, "canonical": { "economy": { "gdp_growth": { "value": 3.0 } } }, "ui_view": { "headline": "マラウイは農業中心の平和な国ですが、気候変動によるサイクロン被害と外貨不足に苦しんでいます。", "tags": ["Agriculture", "Climate Vulnerable", "Peaceful"], "scores": { "economy_score": 35, "stability_score": 50 } } },
      { "master": { "iso3": "LSO", "name": "レソト" }, "canonical": { "economy": { "gdp_growth": { "value": 2.2 } } }, "ui_view": { "headline": "レソトは南アフリカに囲まれた山岳王国であり、水資源の輸出と繊維産業が経済の柱です。", "tags": ["Water Export", "Enclave", "Mountainous"], "scores": { "economy_score": 40, "stability_score": 55 } } },
      { "master": { "iso3": "SWZ", "name": "エスワティニ" }, "canonical": { "politics": { "regime_type": "Closed Autocracy" } }, "ui_view": { "headline": "エスワティニはアフリカ最後の絶対君主制国家であり、高いHIV感染率と格差が社会課題です。", "tags": ["Absolute Monarchy", "Inequality", "Health Challenges"], "scores": { "economy_score": 40, "stability_score": 40 } } },
      { "master": { "iso3": "MRT", "name": "モーリタニア" }, "canonical": { "economy": { "gdp_growth": { "value": 4.5 } } }, "ui_view": { "headline": "モーリタニアは広大な砂漠と鉄鉱石を持ち、近年はガス開発とグリーン水素への投資が進んでいます。", "tags": ["Iron & Gas", "Desert", "Green Hydrogen"], "scores": { "economy_score": 50, "stability_score": 45 } } },
      { "master": { "iso3": "BDI", "name": "ブルンジ" }, "canonical": { "risk": { "fsi_total": { "value": 96.0 } } }, "ui_view": { "headline": "ブルンジは人口過密な内陸国であり、過去の紛争の影響と貧困により経済発展が遅れています。", "tags": ["Poverty", "Landlocked", "High Density"], "scores": { "economy_score": 25, "stability_score": 30 } } },
      { "master": { "iso3": "COM", "name": "コモロ" }, "canonical": { "economy": { "gdp_growth": { "value": 3.0 } } }, "ui_view": { "headline": "コモロは香料の輸出で知られる島国ですが、政治的混乱と移民問題が続いています。", "tags": ["Spice Islands", "Political Instability", "Small Island"], "scores": { "economy_score": 35, "stability_score": 35 } } },
      { "master": { "iso3": "STP", "name": "サントメ・プリンシペ" }, "canonical": { "economy": { "gdp_growth": { "value": 2.5 } } }, "ui_view": { "headline": "サントメ・プリンシペはカカオ生産を中心とする小さな島国であり、観光開発による成長を模索しています。", "tags": ["Cocoa", "Tourism", "Microstate"], "scores": { "economy_score": 40, "stability_score": 60 } } }
    ],
    "Latin America & Caribbean": [
      { "master": { "iso3": "BRA", "name": "ブラジル" }, "canonical": { "economy": { "gdp_growth": { "value": 2.2 } }, "politics": { "regime_type": "Electoral Democracy" }, "risk": { "fsi_total": { "value": 68.2 } } }, "ui_view": { "headline": "ブラジルは資源豊富な大国であり、民主主義が定着していますが、経済成長と不平等の課題を抱えています。", "tags": ["Resource Rich", "Emerging Market", "G20"], "scores": { "economy_score": 72, "stability_score": 62 } } },
      { "master": { "iso3": "ARG", "name": "アルゼンチン" }, "canonical": { "economy": { "gdp_growth": { "value": 2.5 } }, "politics": { "regime_type": "Electoral Democracy" }, "risk": { "fsi_total": { "value": 52.1 } } }, "ui_view": { "headline": "アルゼンチンは豊かな農業資源を持ちますが、経済改革の途上にありインフレからの回復を目指しています。", "tags": ["Agriculture Power", "Economic Reform", "G20"], "scores": { "economy_score": 50, "stability_score": 60 } } },
      { "master": { "iso3": "COL", "name": "コロンビア" }, "canonical": { "economy": { "gdp_growth": { "value": 2.8 } }, "politics": { "regime_type": "Electoral Democracy" } }, "ui_view": { "headline": "コロンビアは南米北部の主要経済国であり、和平プロセスを進めつつ経済の脱炭素化を模索しています。", "tags": ["Energy Transition", "Peace Process", "OECD"], "scores": { "economy_score": 60, "stability_score": 55 } } },
      { "master": { "iso3": "CHL", "name": "チリ" }, "canonical": { "economy": { "gdp_nominal": { "value": 350000000000 } }, "politics": { "regime_type": "Liberal Democracy" }, "risk": { "fsi_total": { "value": 43.5 } } }, "ui_view": { "headline": "チリはラテンアメリカで最も安定した経済と民主主義を有し、銅とリチウムの供給国として重要です。", "tags": ["Critical Minerals", "Stable Economy", "High Income"], "scores": { "economy_score": 75, "stability_score": 80 } } },
      { "master": { "iso3": "PER", "name": "ペルー" }, "canonical": { "economy": { "gdp_growth": { "value": 2.7 } }, "risk": { "fsi_total": { "value": 72.5 } } }, "ui_view": { "headline": "ペルーは銅の産出国として堅実なマクロ経済を持っていますが、政治的な不安定さがリスク要因です。", "tags": ["Mining Hub", "Political Instability", "Pacific Alliance"], "scores": { "economy_score": 62, "stability_score": 40 } } },
      { "master": { "iso3": "VEN", "name": "ベネズエラ" }, "canonical": { "economy": { "gdp_growth": { "value": 3.0 } }, "politics": { "regime_type": "Closed Autocracy" }, "risk": { "fsi_total": { "value": 105.8 } } }, "ui_view": { "headline": "ベネズエラは世界最大の石油埋蔵量を持ちますが、経済崩壊と政治的孤立により深刻な人道危機が続いています。", "tags": ["Oil Rich", "Hyperinflation", "Humanitarian Crisis"], "scores": { "economy_score": 20, "stability_score": 15 } } },
      { "master": { "iso3": "CRI", "name": "コスタリカ" }, "canonical": { "economy": { "gdp_growth": { "value": 3.5 } }, "politics": { "regime_type": "Liberal Democracy" }, "risk": { "fsi_total": { "value": 40.0 } } }, "ui_view": { "headline": "コスタリカは軍隊を持たない平和国家であり、環境保護とエコツーリズムの世界的リーダーです。", "tags": ["Green Economy", "Stable Democracy", "No Army"], "scores": { "economy_score": 68, "stability_score": 85 } } },
      { "master": { "iso3": "PAN", "name": "パナマ" }, "canonical": { "economy": { "gdp_growth": { "value": 4.5 } }, "politics": { "regime_type": "Electoral Democracy" } }, "ui_view": { "headline": "パナマは運河と金融センターを擁する中米で最も豊かな国であり、物流の世界的要衝です。", "tags": ["Logistics Hub", "Dollarized", "High Income"], "scores": { "economy_score": 75, "stability_score": 70 } } },
      { "master": { "iso3": "SLV", "name": "エルサルバドル" }, "canonical": { "economy": { "gdp_growth": { "value": 2.5 } }, "politics": { "regime_type": "Electoral Autocracy" } }, "ui_view": { "headline": "エルサルバドルは強力な治安対策により犯罪率が急減しましたが、民主的制度の浸食が指摘されています。", "tags": ["Security Focus", "Crypto Adopter", "Authoritarian Drift"], "scores": { "economy_score": 45, "stability_score": 55 } } },
      { "master": { "iso3": "HND", "name": "ホンジュラス" }, "canonical": { "economy": { "gdp_growth": { "value": 3.2 } }, "risk": { "fsi_total": { "value": 79.0 } } }, "ui_view": { "headline": "ホンジュラスは農業に依存する経済ですが、貧困とギャング暴力が深刻な課題です。", "tags": ["Agriculture", "Migration Source", "High Crime"], "scores": { "economy_score": 35, "stability_score": 30 } } },
      { "master": { "iso3": "GTM", "name": "グアテマラ" }, "canonical": { "economy": { "gdp_growth": { "value": 3.5 } }, "risk": { "fsi_total": { "value": 75.5 } } }, "ui_view": { "headline": "グアテマラは中米最大の人口を持ちますが、貧困と治安の問題が根深く、米国への移民送出国です。", "tags": ["Migration Source", "Central America Hub", "High Poverty"], "scores": { "economy_score": 45, "stability_score": 40 } } },
      { "master": { "iso3": "ECU", "name": "エクアドル" }, "canonical": { "economy": { "gdp_growth": { "value": 1.5 } }, "risk": { "fsi_total": { "value": 74.0 } } }, "ui_view": { "headline": "エクアドルは治安の急激な悪化と麻薬密輸ルート化に直面しており、経済活動に深刻な影響が出ています。", "tags": ["Security Crisis", "Oil Exporter", "Dollarized"], "scores": { "economy_score": 45, "stability_score": 30 } } },
      { "master": { "iso3": "PRY", "name": "パラグアイ" }, "canonical": { "economy": { "gdp_growth": { "value": 3.8 } } }, "ui_view": { "headline": "パラグアイは水力発電による電力輸出国であり、大豆・牛肉生産を中心とした安定した農業経済を持っています。", "tags": ["Clean Energy", "Agri-Power", "Stable Growth"], "scores": { "economy_score": 60, "stability_score": 65 } } },
      { "master": { "iso3": "URY", "name": "ウルグアイ" }, "canonical": { "economy": { "gdp_growth": { "value": 2.8 } }, "politics": { "regime_type": "Liberal Democracy" }, "risk": { "fsi_total": { "value": 32.0 } } }, "ui_view": { "headline": "ウルグアイは南米で最も豊かな民主主義国の一つであり、高い政治的安定性と再生可能エネルギー比率を誇ります。", "tags": ["Stable Democracy", "Green Energy", "High Income"], "scores": { "economy_score": 70, "stability_score": 88 } } },
      { "master": { "iso3": "BOL", "name": "ボリビア" }, "canonical": { "economy": { "gdp_growth": { "value": 1.8 } }, "risk": { "fsi_total": { "value": 78.5 } } }, "ui_view": { "headline": "ボリビアは世界有数のリチウム資源を持ちますが、内陸国の地理的制約と政治的分極化が開発を阻んでいます。", "tags": ["Lithium Reserve", "Political Polarization", "Landlocked"], "scores": { "economy_score": 40, "stability_score": 35 } } },
      { "master": { "iso3": "HTI", "name": "ハイチ" }, "canonical": { "economy": { "gdp_growth": { "value": -1.5 } }, "risk": { "fsi_total": { "value": 108.5 } } }, "ui_view": { "headline": "ハイチはギャング支配による治安崩壊と政府機能不全により、西半球で最も深刻な人道危機にあります。", "tags": ["Failed State", "Gang Violence", "Humanitarian Crisis"], "scores": { "economy_score": 5, "stability_score": 5 } } },
      { "master": { "iso3": "CUB", "name": "キューバ" }, "canonical": { "economy": { "gdp_growth": { "value": 1.0 } }, "politics": { "regime_type": "Closed Autocracy" }, "risk": { "fsi_total": { "value": 78.0 } } }, "ui_view": { "headline": "キューバは社会主義体制下で長期的な経済停滞と物資不足に苦しんでおり、若年層の流出が続いています。", "tags": ["Sanctions", "Socialist State", "Economic Crisis"], "scores": { "economy_score": 25, "stability_score": 40 } } },
      { "master": { "iso3": "DOM", "name": "ドミニカ共和国" }, "canonical": { "economy": { "gdp_growth": { "value": 4.8 } } }, "ui_view": { "headline": "ドミニカ共和国はカリブ海地域で最大の経済規模を持ち、観光とフリーゾーンが成長を牽引しています。", "tags": ["Tourism Power", "Caribbean Leader", "Stable Growth"], "scores": { "economy_score": 65, "stability_score": 60 } } },
      { "master": { "iso3": "JAM", "name": "ジャマイカ" }, "canonical": { "economy": { "gdp_growth": { "value": 2.0 } } }, "ui_view": { "headline": "ジャマイカは観光業とボーキサイト輸出が柱ですが、高い公的債務と犯罪率への対応を続けています。", "tags": ["Tourism", "Debt Reduction", "Caribbean Hub"], "scores": { "economy_score": 50, "stability_score": 60 } } },
      { "master": { "iso3": "TTO", "name": "トリニダード・トバゴ" }, "canonical": { "economy": { "gdp_growth": { "value": 2.2 } } }, "ui_view": { "headline": "トリニダード・トバゴはカリブ海最大の石油・ガス生産国であり、エネルギー価格に左右されつつ高い所得を維持しています。", "tags": ["Energy Rich", "High Income", "Industrialized"], "scores": { "economy_score": 70, "stability_score": 75 } } },
      { "master": { "iso3": "BHS", "name": "バハマ" }, "canonical": { "economy": { "gdp_growth": { "value": 2.0 } } }, "ui_view": { "headline": "バハマはカリブ海随一の富裕国であり、観光業とオフショア金融が経済を牽引しています。", "tags": ["Tourism Power", "High Income", "Tax Haven"], "scores": { "economy_score": 75, "stability_score": 80 } } },
      { "master": { "iso3": "BRB", "name": "バルバドス" }, "canonical": { "economy": { "gdp_growth": { "value": 3.8 } } }, "ui_view": { "headline": "バルバドスは共和制移行後も安定した民主主義を維持し、気候変動金融のイニシアティブを主導しています。", "tags": ["Climate Leader", "Stable Democracy", "Tourism"], "scores": { "economy_score": 65, "stability_score": 85 } } },
      { "master": { "iso3": "GUY", "name": "ガイアナ" }, "canonical": { "economy": { "gdp_growth": { "value": 18.5 } }, "risk": { "fsi_total": { "value": 68.0 } } }, "ui_view": { "headline": "ガイアナは大規模な海底油田の発見により、世界で最も高い経済成長率を記録し続けています。", "tags": ["Oil Boom", "Hyper Growth", "Border Dispute"], "scores": { "economy_score": 90, "stability_score": 60 } } },
      { "master": { "iso3": "BLZ", "name": "ベリーズ" }, "canonical": {}, "ui_view": { "headline": "ベリーズは中米で唯一英語を公用語とし、ブルーホールなどの観光資源と農業が経済を支えています。", "tags": ["Eco-Tourism", "Barrier Reef", "Caribbean"], "scores": { "economy_score": 50, "stability_score": 60 } } },
      { "master": { "iso3": "SUR", "name": "スリナム" }, "canonical": {}, "ui_view": { "headline": "スリナムは南米最小の国ですが、新たな海底油田の開発により経済変革の可能性を秘めています。", "tags": ["Emerging Oil", "Diverse Culture", "Rainforest"], "scores": { "economy_score": 55, "stability_score": 50 } } },
      { "master": { "iso3": "ATG", "name": "アンティグア・バーブーダ" }, "canonical": {}, "ui_view": { "headline": "アンティグア・バーブーダは365のビーチを持つ観光国家であり、市民権投資プログラムが収入源です。", "tags": ["Tourism", "CBI Program", "Small Island"], "scores": { "economy_score": 60, "stability_score": 70 } } },
      { "master": { "iso3": "DMA", "name": "ドミニカ国" }, "canonical": {}, "ui_view": { "headline": "ドミニカ国は「カリブの自然の島」と呼ばれ、地熱発電の開発と環境に配慮した観光を推進しています。", "tags": ["Nature Isle", "Geothermal", "Climate Resilience"], "scores": { "economy_score": 50, "stability_score": 65 } } },
      { "master": { "iso3": "GRD", "name": "グレナダ" }, "canonical": {}, "ui_view": { "headline": "グレナダは「スパイスの島」として知られ、ナツメグ生産と観光、大学教育が産業の柱です。", "tags": ["Spice Isle", "Education Hub", "Tourism"], "scores": { "economy_score": 55, "stability_score": 65 } } },
      { "master": { "iso3": "KNA", "name": "セントクリストファー・ネイビス" }, "canonical": {}, "ui_view": { "headline": "セントクリストファー・ネイビスは西半球最小の国家であり、観光と市民権販売で比較的高い所得を維持しています。", "tags": ["High Income", "CBI Program", "Microstate"], "scores": { "economy_score": 65, "stability_score": 75 } } },
      { "master": { "iso3": "LCA", "name": "セントルシア" }, "canonical": {}, "ui_view": { "headline": "セントルシアは高級リゾート地として有名であり、観光業がGDPの大部分を占めています。", "tags": ["Luxury Tourism", "Volcanic Island", "Stable"], "scores": { "economy_score": 60, "stability_score": 70 } } },
      { "master": { "iso3": "VCT", "name": "セントビンセント・グレナディーン" }, "canonical": {}, "ui_view": { "headline": "セントビンセント・グレナディーンはヨット愛好家の聖地ですが、火山噴火やハリケーンのリスクと共存しています。", "tags": ["Sailing Hub", "Disaster Risk", "Archipelago"], "scores": { "economy_score": 50, "stability_score": 65 } } }
    ]
  }
}